<?xml version="1.0" encoding="UTF-8" standalone="yes"?>
<applicationHaul xmlns:a="http://www.appian.com/ae/types/2009">
    <versionUuid>_a-0000df6d-83a9-8000-9ba2-011c48011c48_96990</versionUuid>
    <application>
        <name>End User Licensing</name>
        <uuid>_a-0000df6d-83a9-8000-9ba2-011c48011c48_85259</uuid>
        <description>Application to track the assignment of software licenses</description>
        <parentUuid>SYSTEM_APPLICATIONS_ROOT</parentUuid>
        <visibility>
            <advertise>false</advertise>
            <hierarchy>true</hierarchy>
            <indexable>true</indexable>
            <quota>false</quota>
            <searchable>true</searchable>
            <system>false</system>
            <unlogged>false</unlogged>
        </visibility>
        <urlIdentifier>d8LOHw</urlIdentifier>
        <published>true</published>
        <public>false</public>
        <associatedObjects>
            <globalIdMap>
                <item>
                    <type>datatype</type>
                    <uuids>
                        <uuid>{urn:com:appian:types:EUL}EUL_Status</uuid>
                        <uuid>{urn:com:appian:types:EUL}EUL_Software</uuid>
                        <uuid>{urn:com:appian:types:EUL}EUL_Manufacturer</uuid>
                        <uuid>{urn:com:appian:types:EUL}EUL_Vendor</uuid>
                        <uuid>{urn:com:appian:types:EUL}EUL_Paragraph</uuid>
                        <uuid>{urn:com:appian:types:EUL}EUL_Priority</uuid>
                        <uuid>{urn:com:appian:types:EUL}EUL_Activity</uuid>
                        <uuid>{urn:com:appian:types:EUL}EUL_EndUserLicense</uuid>
                    </uuids>
                </item>
                <item>
                    <type>dataStore</type>
                    <uuids>
                        <uuid>_a-0000df6d-83a9-8000-9ba2-011c48011c48_96393</uuid>
                    </uuids>
                </item>
                <item>
                    <type>user</type>
                    <uuids/>
                </item>
                <item>
                    <type>groupType</type>
                    <uuids/>
                </item>
                <item>
                    <type>group</type>
                    <uuids>
                        <uuid>_e-0000df6d-8369-8000-9aee-01075c01075c_48</uuid>
                        <uuid>_e-0000df6d-8369-8000-9aee-01075c01075c_47</uuid>
                    </uuids>
                </item>
                <item>
                    <type>content</type>
                    <uuids>
                        <uuid>b0bcc247-7fd2-4fd8-86d5-0deb26c6dca3</uuid>
                        <uuid>_a-0000df6d-83a9-8000-9ba2-011c48011c48_96381</uuid>
                        <uuid>_a-0000df6d-83a9-8000-9ba2-011c48011c48_96385</uuid>
                        <uuid>_a-0000df6d-83a9-8000-9ba2-011c48011c48_96389</uuid>
                        <uuid>_a-0000df6d-83a9-8000-9ba2-011c48011c48_96422</uuid>
                        <uuid>_a-0000df6d-83a9-8000-9ba2-011c48011c48_96406</uuid>
                        <uuid>9f172302-723a-4828-8be3-1e7ab87fd898_CHANGEDSECONSTANT</uuid>
                        <uuid>2d645698-7122-40d3-bf80-8c01d27f57bc_MAINDSECONSTANT</uuid>
                        <uuid>_a-0000df6d-83a9-8000-9ba2-011c48011c48_96418</uuid>
                        <uuid>_a-0000df6d-83a9-8000-9ba2-011c48011c48_96410</uuid>
                        <uuid>_a-0000df6d-83a9-8000-9ba2-011c48011c48_96414</uuid>
                        <uuid>_a-0000df6d-83a9-8000-9ba2-011c48011c48_96434</uuid>
                        <uuid>_a-0000df6d-83a9-8000-9ba2-011c48011c48_96438</uuid>
                        <uuid>_a-0000df6d-83a9-8000-9ba2-011c48011c48_96442</uuid>
                        <uuid>_a-0000df6d-83a9-8000-9ba2-011c48011c48_96446</uuid>
                        <uuid>_a-0000df6d-83a9-8000-9ba2-011c48011c48_96450</uuid>
                        <uuid>_a-0000df6d-83a9-8000-9ba2-011c48011c48_96454</uuid>
                        <uuid>e20ade73-fe43-42a0-b6be-ebac00f6fce8</uuid>
                        <uuid>c1805289-2a69-4a01-8da3-ec4b6e5b93af_KC</uuid>
                        <uuid>5d452e3f-05bc-4628-b57a-92544df63596</uuid>
                        <uuid>_a-0000df6d-83a9-8000-9ba2-011c48011c48_96213</uuid>
                        <uuid>_a-0000df6d-83a9-8000-9ba2-011c48011c48_96253</uuid>
                        <uuid>_a-0000df6d-83a9-8000-9ba2-011c48011c48_96301</uuid>
                        <uuid>_a-0000df6d-83a9-8000-9ba2-011c48011c48_96205</uuid>
                        <uuid>40986288-8870-4f82-a057-34b4a99736e3_ACTIONSKIPPED</uuid>
                        <uuid>333e6823-2f31-4e0b-83ec-e237ee0d0dbf_FORMATNAME</uuid>
                        <uuid>_a-0000df6d-83a9-8000-9ba2-011c48011c48_96201</uuid>
                        <uuid>_a-0000df6d-83a9-8000-9ba2-011c48011c48_96261</uuid>
                        <uuid>_a-0000df6d-83a9-8000-9ba2-011c48011c48_96197</uuid>
                        <uuid>3d6cfc3c-7800-424f-9f3a-11e7fd8fcb63_ACTIONCOMPLETED</uuid>
                        <uuid>6e9c6dbc-17ee-41cc-971f-a36414625d25_MAKEACTIVITYCDT</uuid>
                        <uuid>_a-0000df6d-83a9-8000-9ba2-011c48011c48_96217</uuid>
                        <uuid>c7b5436d-d780-411d-b6bd-01235d9f83c7_GETONERECORD</uuid>
                        <uuid>_a-0000df6d-83a9-8000-9ba2-011c48011c48_96357</uuid>
                        <uuid>_a-0000df6d-83a9-8000-9ba2-011c48011c48_96353</uuid>
                        <uuid>_a-0000df6d-83a9-8000-9ba2-011c48011c48_96313</uuid>
                        <uuid>_a-0000df6d-83a9-8000-9ba2-011c48011c48_96237</uuid>
                        <uuid>_a-0000df6d-83a9-8000-9ba2-011c48011c48_96265</uuid>
                        <uuid>_a-0000df6d-83a9-8000-9ba2-011c48011c48_96249</uuid>
                        <uuid>_a-0000df6d-83a9-8000-9ba2-011c48011c48_96309</uuid>
                        <uuid>_a-0000df6d-83a9-8000-9ba2-011c48011c48_96281</uuid>
                        <uuid>_a-0000df6d-83a9-8000-9ba2-011c48011c48_96325</uuid>
                        <uuid>_a-0000df6d-83a9-8000-9ba2-011c48011c48_96341</uuid>
                        <uuid>_a-0000df6d-83a9-8000-9ba2-011c48011c48_96285</uuid>
                        <uuid>_a-0000df6d-83a9-8000-9ba2-011c48011c48_96329</uuid>
                        <uuid>_a-0000df6d-83a9-8000-9ba2-011c48011c48_96337</uuid>
                        <uuid>_a-0000df6d-83a9-8000-9ba2-011c48011c48_96305</uuid>
                        <uuid>_a-0000df6d-83a9-8000-9ba2-011c48011c48_96333</uuid>
                        <uuid>_a-0000df6d-83a9-8000-9ba2-011c48011c48_96365</uuid>
                        <uuid>3478890a-165f-4814-9632-b2174b399ab4_TASKFORM</uuid>
                        <uuid>_a-0000df6d-83a9-8000-9ba2-011c48011c48_96233</uuid>
                        <uuid>2ad3656f-85ea-4969-abad-433a29d8ad2f_ATTACH</uuid>
                        <uuid>_a-0000df6d-83a9-8000-9ba2-011c48011c48_96225</uuid>
                        <uuid>_a-0000df6d-83a9-8000-9ba2-011c48011c48_96317</uuid>
                        <uuid>_a-0000df6d-83a9-8000-9ba2-011c48011c48_96229</uuid>
                        <uuid>941378ef-4ab7-458d-b06c-b58ca5268506</uuid>
                        <uuid>_a-0000df6d-83a9-8000-9ba2-011c48011c48_96241</uuid>
                        <uuid>_a-0000df6d-83a9-8000-9ba2-011c48011c48_96221</uuid>
                        <uuid>_a-0000df6d-83a9-8000-9ba2-011c48011c48_96277</uuid>
                        <uuid>_a-0000df6d-83a9-8000-9ba2-011c48011c48_96245</uuid>
                        <uuid>_a-0000df6d-83a9-8000-9ba2-011c48011c48_96257</uuid>
                        <uuid>_a-0000df6d-83a9-8000-9ba2-011c48011c48_96297</uuid>
                        <uuid>_a-0000df6d-83a9-8000-9ba2-011c48011c48_96293</uuid>
                        <uuid>_a-0000df6d-83a9-8000-9ba2-011c48011c48_96373</uuid>
                        <uuid>_a-0000df6d-83a9-8000-9ba2-011c48011c48_96321</uuid>
                        <uuid>_a-0000df6d-83a9-8000-9ba2-011c48011c48_96345</uuid>
                        <uuid>_a-0000df6d-83a9-8000-9ba2-011c48011c48_96377</uuid>
                        <uuid>_a-0000df6d-83a9-8000-9ba2-011c48011c48_96369</uuid>
                    </uuids>
                </item>
                <item>
                    <type>forum</type>
                    <uuids/>
                </item>
                <item>
                    <type>processModelFolder</type>
                    <uuids>
                        <uuid>cb49f80e-3326-4069-b139-da8f1dfda21c</uuid>
                    </uuids>
                </item>
                <item>
                    <type>processModel</type>
                    <uuids>
                        <uuid>cea221f4-1fe0-4442-bd00-1683fe0d3539</uuid>
                        <uuid>b8d8e564-fcc2-45c9-aa22-b7e7ff0a60bc</uuid>
                        <uuid>b375e8e3-b303-4ebb-b4f3-d9a7bcc2cde2</uuid>
                        <uuid>7436eca0-9e04-4656-9fce-3ef2feb22d7b</uuid>
                    </uuids>
                </item>
                <item>
                    <type>portlet</type>
                    <uuids/>
                </item>
                <item>
                    <type>page</type>
                    <uuids/>
                </item>
                <item>
                    <type>application</type>
                    <uuids/>
                </item>
                <item>
                    <type>tempoFeed</type>
                    <uuids>
                        <uuid>6b5f2fe2-692a-44b1-b0c8-1b3d37d3daa7</uuid>
                    </uuids>
                </item>
                <item>
                    <type>recordType</type>
                    <uuids>
                        <uuid>649564df-b146-4371-83e5-2f7af136b222</uuid>
                    </uuids>
                </item>
                <item>
                    <type>tempoReport</type>
                    <uuids>
                        <uuid>5b13c7c6-e458-4ee1-b76f-07d94d52639a</uuid>
                    </uuids>
                </item>
                <item>
                    <type>taskReport</type>
                    <uuids>
                        <uuid>07c029b5-1897-4b10-a723-fc038dbbc93a</uuid>
                    </uuids>
                </item>
                <item>
                    <type>webApi</type>
                    <uuids/>
                </item>
                <item>
                    <type>site</type>
                    <uuids>
                        <uuid>0ce801da-db2e-4742-b3b5-821c717be607_SITE</uuid>
                    </uuids>
                </item>
                <item>
                    <type>adminSetting</type>
                    <uuids/>
                </item>
                <item>
                    <type>thirdPartyCredentials</type>
                    <uuids/>
                </item>
                <item>
                    <type>dataSource</type>
                    <uuids/>
                </item>
                <item>
                    <type>embeddedSailTheme</type>
                    <uuids/>
                </item>
                <item>
                    <type>connectedSystem</type>
                    <uuids/>
                </item>
            </globalIdMap>
        </associatedObjects>
        <applicationNavigation/>
        <applicationActions>
            <action>
                <displayLabel>New End User License</displayLabel>
                <description>Create a new End User License</description>
                <processModelUuid>7436eca0-9e04-4656-9fce-3ef2feb22d7b</processModelUuid>
                <actionUuid>bf508a53-a886-4109-950b-76bf905888b9</actionUuid>
            </action>
        </applicationActions>
        <associatedApplications>
            <globalIdMap>
                <item>
                    <type>datatype</type>
                    <uuids/>
                </item>
                <item>
                    <type>dataStore</type>
                    <uuids/>
                </item>
                <item>
                    <type>user</type>
                    <uuids/>
                </item>
                <item>
                    <type>groupType</type>
                    <uuids/>
                </item>
                <item>
                    <type>group</type>
                    <uuids/>
                </item>
                <item>
                    <type>content</type>
                    <uuids/>
                </item>
                <item>
                    <type>forum</type>
                    <uuids/>
                </item>
                <item>
                    <type>processModelFolder</type>
                    <uuids/>
                </item>
                <item>
                    <type>processModel</type>
                    <uuids/>
                </item>
                <item>
                    <type>portlet</type>
                    <uuids/>
                </item>
                <item>
                    <type>page</type>
                    <uuids/>
                </item>
                <item>
                    <type>application</type>
                    <uuids/>
                </item>
                <item>
                    <type>tempoFeed</type>
                    <uuids/>
                </item>
                <item>
                    <type>recordType</type>
                    <uuids/>
                </item>
                <item>
                    <type>tempoReport</type>
                    <uuids/>
                </item>
                <item>
                    <type>taskReport</type>
                    <uuids/>
                </item>
                <item>
                    <type>webApi</type>
                    <uuids/>
                </item>
                <item>
                    <type>site</type>
                    <uuids/>
                </item>
                <item>
                    <type>adminSetting</type>
                    <uuids/>
                </item>
                <item>
                    <type>thirdPartyCredentials</type>
                    <uuids/>
                </item>
                <item>
                    <type>dataSource</type>
                    <uuids/>
                </item>
                <item>
                    <type>embeddedSailTheme</type>
                    <uuids/>
                </item>
                <item>
                    <type>connectedSystem</type>
                    <uuids/>
                </item>
            </globalIdMap>
        </associatedApplications>
    </application>
    <roleMap>
        <contentRoleMap public="true">
            <role inherit="false" allowForAll="false" name="readers">
                <users/>
                <groups>
                    <groupUuid>_e-0000df6d-8369-8000-9aee-01075c01075c_48</groupUuid>
                </groups>
            </role>
            <role inherit="false" allowForAll="false" name="authors">
                <users/>
                <groups/>
            </role>
            <role inherit="false" allowForAll="false" name="administrators">
                <users/>
                <groups>
                    <groupUuid>_e-0000df6d-8369-8000-9aee-01075c01075c_47</groupUuid>
                </groups>
            </role>
            <role inherit="false" allowForAll="false" name="denyReaders">
                <users/>
                <groups/>
            </role>
            <role inherit="false" allowForAll="false" name="denyAuthors">
                <users/>
                <groups/>
            </role>
            <role inherit="false" allowForAll="false" name="denyAdministrators">
                <users/>
                <groups/>
            </role>
        </contentRoleMap>
    </roleMap>
    <history>
        <historyInfo versionUuid="_a-0000df6d-83a9-8000-9ba2-011c48011c48_86087"/>
        <historyInfo versionUuid="_a-0000df6d-83a9-8000-9ba2-011c48011c48_87042"/>
        <historyInfo versionUuid="_a-0000df6d-83a9-8000-9ba2-011c48011c48_91984"/>
        <historyInfo versionUuid="_a-0000df6d-83a9-8000-9ba2-011c48011c48_93072"/>
        <historyInfo versionUuid="_a-0000df6d-83a9-8000-9ba2-011c48011c48_94072"/>
        <historyInfo versionUuid="_a-0000df6d-83a9-8000-9ba2-011c48011c48_96990"/>
    </history>
</applicationHaul>
