<?xml version="1.0" encoding="UTF-8" standalone="yes"?>
<dataStoreHaul xmlns:a="http://www.appian.com/ae/types/2009">
    <dataStore>
        <uuid>_a-0000df6d-83a9-8000-9ba2-011c48011c48_96393</uuid>
        <name>EUL End User Licenses</name>
        <description>Data store containing all application's data store entities. [Data]</description>
        <dataSourceKey>java:/jdbc/Appian</dataSourceKey>
        <adaptingExplicitSqlNames>false</adaptingExplicitSqlNames>
        <autoUpdateSchema>false</autoUpdateSchema>
        <entities>
            <entity>
                <uuid>c701dfb9-77a0-4dfd-a8c5-d6249ac12ad6</uuid>
                <name>EUL_Status</name>
                <type>{urn:com:appian:types:EUL}EUL_Status</type>
            </entity>
            <entity>
                <uuid>28390e2f-972c-4175-bbde-9967651c149b</uuid>
                <name>EUL_Software</name>
                <type>{urn:com:appian:types:EUL}EUL_Software</type>
            </entity>
            <entity>
                <uuid>70b18943-1275-4247-b096-05013c38a406</uuid>
                <name>EUL_Manufacturer</name>
                <type>{urn:com:appian:types:EUL}EUL_Manufacturer</type>
            </entity>
            <entity>
                <uuid>28d749ad-14b2-432d-a67b-458ff406861c</uuid>
                <name>EUL_Vendor</name>
                <type>{urn:com:appian:types:EUL}EUL_Vendor</type>
            </entity>
            <entity>
                <uuid>ab643051-e353-4fec-8047-629849e18679</uuid>
                <name>EUL_Paragraph</name>
                <type>{urn:com:appian:types:EUL}EUL_Paragraph</type>
            </entity>
            <entity>
                <uuid>89a5819c-785d-43bd-8967-0a86cbe3543a</uuid>
                <name>EUL_Priority</name>
                <type>{urn:com:appian:types:EUL}EUL_Priority</type>
            </entity>
            <entity>
                <uuid>bba81297-1f4a-4809-ad26-141193ef3204</uuid>
                <name>EUL_Activity</name>
                <type>{urn:com:appian:types:EUL}EUL_Activity</type>
            </entity>
            <entity>
                <uuid>42f89c50-9949-468f-b5da-ebd30d4b3846</uuid>
                <name>EUL_EndUserLicense</name>
                <type>{urn:com:appian:types:EUL}EUL_EndUserLicense</type>
            </entity>
        </entities>
    </dataStore>
    <isPublished>true</isPublished>
    <roleMap>
        <role inherit="false" allowForAll="false" name="administrators">
            <users/>
            <groups>
                <groupUuid>_e-0000df6d-8369-8000-9aee-01075c01075c_47</groupUuid>
            </groups>
        </role>
        <role inherit="false" allowForAll="false" name="authors">
            <users/>
            <groups/>
        </role>
        <role inherit="false" allowForAll="false" name="denyAdministrators">
            <users/>
            <groups/>
        </role>
        <role inherit="false" allowForAll="false" name="denyAuthors">
            <users/>
            <groups/>
        </role>
        <role inherit="false" allowForAll="false" name="denyReaders">
            <users/>
            <groups/>
        </role>
        <role inherit="false" allowForAll="false" name="readers">
            <users/>
            <groups>
                <groupUuid>_e-0000df6d-8369-8000-9aee-01075c01075c_48</groupUuid>
            </groups>
        </role>
    </roleMap>
</dataStoreHaul>
