<?xml version="1.0" encoding="UTF-8" standalone="yes"?>
<contentHaul xmlns:a="http://www.appian.com/ae/types/2009">
    <versionUuid>_a-0000df6d-83a9-8000-9ba2-011c48011c48_96864</versionUuid>
    <report>
        <name>Open Tasks for End User Licenses</name>
        <uuid>941378ef-4ab7-458d-b06c-b58ca5268506</uuid>
        <description>Process report showing a list of all unarchived tasks for End User Licenses [Tasking]</description>
        <parentUuid>5d452e3f-05bc-4628-b57a-92544df63596</parentUuid>
        <visibility>
            <advertise>false</advertise>
            <hierarchy>true</hierarchy>
            <indexable>true</indexable>
            <quota>false</quota>
            <searchable>true</searchable>
            <system>false</system>
            <unlogged>false</unlogged>
        </visibility>
        <reportData>
            <metadata>
                <baseFilters>
                    <completedFilter>
                        <apply>false</apply>
                    </completedFilter>
                    <outsideNStandardDeviationsFilter>
                        <apply>false</apply>
                        <standardDeviationCount>0.0</standardDeviationCount>
                    </outsideNStandardDeviationsFilter>
                    <lastNCompletedFilter>
                        <apply>false</apply>
                        <completedCount>0</completedCount>
                    </lastNCompletedFilter>
                    <aheadOfScheduleFilter>
                        <apply>false</apply>
                    </aheadOfScheduleFilter>
                    <runningFilter>
                        <apply>true</apply>
                    </runningFilter>
                    <behindScheduleFilter>
                        <apply>false</apply>
                    </behindScheduleFilter>
                    <lastNDaysFilter>
                        <apply>false</apply>
                        <dayCount>0.0</dayCount>
                    </lastNDaysFilter>
                    <dueTodayFilter>
                        <apply>false</apply>
                    </dueTodayFilter>
                </baseFilters>
                <batchSize>25</batchSize>
                <columns>
                    <column>
                        <drillPath>
                            <enabled>true</enabled>
                            <expression>=tp!id</expression>
                            <linkType>2</linkType>
                        </drillPath>
                        <expression>=tp!display</expression>
                        <formatToken>string</formatToken>
                        <group>false</group>
                        <lastFormatToken>string</lastFormatToken>
                        <localId>0</localId>
                        <name>Name</name>
                        <show>false</show>
                    </column>
                    <column>
                        <drillPath>
                            <enabled>true</enabled>
                            <expression>=tp!id</expression>
                            <linkType>2</linkType>
                        </drillPath>
                        <expression>=pv!taskDetails</expression>
                        <formatToken>string</formatToken>
                        <group>false</group>
                        <lastFormatToken>string</lastFormatToken>
                        <localId>9</localId>
                        <name>Description</name>
                        <show>true</show>
                    </column>
                    <column>
                        <drillPath>
                            <enabled>false</enabled>
                        </drillPath>
                        <expression>=pv!recordId</expression>
                        <formatToken>number</formatToken>
                        <group>false</group>
                        <lastFormatToken>number</lastFormatToken>
                        <localId>7</localId>
                        <name>End User License</name>
                        <show>true</show>
                    </column>
                    <column>
                        <drillPath>
                            <enabled>false</enabled>
                        </drillPath>
                        <expression>=task_status()</expression>
                        <formatToken>taskstatus</formatToken>
                        <group>false</group>
                        <lastFormatToken>taskstatus</lastFormatToken>
                        <localId>5</localId>
                        <name>Status</name>
                        <show>true</show>
                    </column>
                    <column>
                        <drillPath>
                            <enabled>true</enabled>
                            <expression>=pv!assignee</expression>
                            <linkType>8</linkType>
                        </drillPath>
                        <expression>=pv!assignee</expression>
                        <formatToken>users</formatToken>
                        <group>false</group>
                        <lastFormatToken>users</lastFormatToken>
                        <localId>8</localId>
                        <name>Assignee</name>
                        <show>true</show>
                    </column>
                    <column>
                        <drillPath>
                            <enabled>true</enabled>
                            <expression>=pp!initiator</expression>
                            <linkType>8</linkType>
                        </drillPath>
                        <expression>=pp!initiator</expression>
                        <formatToken>users</formatToken>
                        <group>false</group>
                        <lastFormatToken>users</lastFormatToken>
                        <localId>1</localId>
                        <name>From</name>
                        <show>true</show>
                    </column>
                    <column>
                        <drillPath>
                            <enabled>false</enabled>
                        </drillPath>
                        <expression>=pv!deadline</expression>
                        <formatToken>datetime</formatToken>
                        <group>false</group>
                        <lastFormatToken>datetime</lastFormatToken>
                        <localId>10</localId>
                        <name>Deadline</name>
                        <show>true</show>
                    </column>
                    <column>
                        <drillPath>
                            <enabled>false</enabled>
                        </drillPath>
                        <expression>=tp!starttime</expression>
                        <formatToken>datetime</formatToken>
                        <group>false</group>
                        <lastFormatToken>datetime</lastFormatToken>
                        <localId>2</localId>
                        <name>Assigned On</name>
                        <show>true</show>
                    </column>
                    <column>
                        <drillPath>
                            <enabled>false</enabled>
                        </drillPath>
                        <expression>=pp!name</expression>
                        <formatToken>string</formatToken>
                        <group>false</group>
                        <lastFormatToken>string</lastFormatToken>
                        <localId>3</localId>
                        <name>Process</name>
                        <show>false</show>
                    </column>
                    <column>
                        <drillPath>
                            <enabled>false</enabled>
                        </drillPath>
                        <expression>=tp!priority</expression>
                        <formatToken>priority</formatToken>
                        <group>false</group>
                        <lastFormatToken>priority</lastFormatToken>
                        <localId>4</localId>
                        <name>Priority</name>
                        <show>false</show>
                    </column>
                    <column>
                        <drillPath>
                            <enabled>false</enabled>
                        </drillPath>
                        <expression>=task_completion_time()</expression>
                        <formatToken>datetime</formatToken>
                        <group>false</group>
                        <lastFormatToken>datetime</lastFormatToken>
                        <localId>6</localId>
                        <name>Completed</name>
                        <show>false</show>
                    </column>
                </columns>
                <contexts>
                    <context>
                        <stringId>b8d8e564-fcc2-45c9-aa22-b7e7ff0a60bc</stringId>
                        <type>20480</type>
                    </context>
                </contexts>
                <contextType>1</contextType>
                <quickFilters>
                    <quickFilter>
                        <defaultItem>0</defaultItem>
                        <quickFilterItems>
                            <quickFilterItem>
<filters>
    <outsideNStandardDeviationsFilter>
        <apply>false</apply>
        <standardDeviationCount>0.0</standardDeviationCount>
    </outsideNStandardDeviationsFilter>
    <lastNCompletedFilter>
        <apply>false</apply>
        <completedCount>0</completedCount>
    </lastNCompletedFilter>
    <aheadOfScheduleFilter>
        <apply>false</apply>
    </aheadOfScheduleFilter>
    <behindScheduleFilter>
        <apply>false</apply>
    </behindScheduleFilter>
    <lastNDaysFilter>
        <apply>false</apply>
        <dayCount>0.0</dayCount>
    </lastNDaysFilter>
    <dueTodayFilter>
        <apply>false</apply>
    </dueTodayFilter>
</filters>
<name>Any Time</name>
                            </quickFilterItem>
                            <quickFilterItem>
<filters>
    <outsideNStandardDeviationsFilter>
        <apply>false</apply>
        <standardDeviationCount>0.0</standardDeviationCount>
    </outsideNStandardDeviationsFilter>
    <lastNCompletedFilter>
        <apply>false</apply>
        <completedCount>0</completedCount>
    </lastNCompletedFilter>
    <aheadOfScheduleFilter>
        <apply>false</apply>
    </aheadOfScheduleFilter>
    <behindScheduleFilter>
        <apply>false</apply>
    </behindScheduleFilter>
    <lastNDaysFilter>
        <apply>true</apply>
        <dayCount>1.0</dayCount>
    </lastNDaysFilter>
    <dueTodayFilter>
        <apply>false</apply>
    </dueTodayFilter>
</filters>
<name>Last 24 Hours</name>
                            </quickFilterItem>
                            <quickFilterItem>
<filters>
    <outsideNStandardDeviationsFilter>
        <apply>false</apply>
        <standardDeviationCount>0.0</standardDeviationCount>
    </outsideNStandardDeviationsFilter>
    <lastNCompletedFilter>
        <apply>false</apply>
        <completedCount>0</completedCount>
    </lastNCompletedFilter>
    <aheadOfScheduleFilter>
        <apply>false</apply>
    </aheadOfScheduleFilter>
    <behindScheduleFilter>
        <apply>false</apply>
    </behindScheduleFilter>
    <lastNDaysFilter>
        <apply>true</apply>
        <dayCount>7.0</dayCount>
    </lastNDaysFilter>
    <dueTodayFilter>
        <apply>false</apply>
    </dueTodayFilter>
</filters>
<name>Last 7 days</name>
                            </quickFilterItem>
                            <quickFilterItem>
<filters>
    <outsideNStandardDeviationsFilter>
        <apply>false</apply>
        <standardDeviationCount>0.0</standardDeviationCount>
    </outsideNStandardDeviationsFilter>
    <lastNCompletedFilter>
        <apply>false</apply>
        <completedCount>0</completedCount>
    </lastNCompletedFilter>
    <aheadOfScheduleFilter>
        <apply>false</apply>
    </aheadOfScheduleFilter>
    <behindScheduleFilter>
        <apply>false</apply>
    </behindScheduleFilter>
    <lastNDaysFilter>
        <apply>true</apply>
        <dayCount>30.0</dayCount>
    </lastNDaysFilter>
    <dueTodayFilter>
        <apply>false</apply>
    </dueTodayFilter>
</filters>
<name>Last 30 days</name>
                            </quickFilterItem>
                            <quickFilterItem>
<filters>
    <outsideNStandardDeviationsFilter>
        <apply>false</apply>
        <standardDeviationCount>0.0</standardDeviationCount>
    </outsideNStandardDeviationsFilter>
    <lastNCompletedFilter>
        <apply>false</apply>
        <completedCount>0</completedCount>
    </lastNCompletedFilter>
    <aheadOfScheduleFilter>
        <apply>false</apply>
    </aheadOfScheduleFilter>
    <behindScheduleFilter>
        <apply>false</apply>
    </behindScheduleFilter>
    <lastNDaysFilter>
        <apply>true</apply>
        <dayCount>365.25</dayCount>
    </lastNDaysFilter>
    <dueTodayFilter>
        <apply>false</apply>
    </dueTodayFilter>
</filters>
<name>Last 365 days</name>
                            </quickFilterItem>
                        </quickFilterItems>
                        <name>Started</name>
                        <selectedItem>0</selectedItem>
                    </quickFilter>
                    <quickFilter>
                        <defaultItem>0</defaultItem>
                        <quickFilterItems>
                            <quickFilterItem>
<filters>
    <outsideNStandardDeviationsFilter>
        <apply>false</apply>
        <standardDeviationCount>0.0</standardDeviationCount>
    </outsideNStandardDeviationsFilter>
    <lastNCompletedFilter>
        <apply>false</apply>
        <completedCount>0</completedCount>
    </lastNCompletedFilter>
    <aheadOfScheduleFilter>
        <apply>false</apply>
    </aheadOfScheduleFilter>
    <behindScheduleFilter>
        <apply>false</apply>
    </behindScheduleFilter>
    <lastNDaysFilter>
        <apply>false</apply>
        <dayCount>0.0</dayCount>
    </lastNDaysFilter>
    <dueTodayFilter>
        <apply>false</apply>
    </dueTodayFilter>
</filters>
<name>All</name>
                            </quickFilterItem>
                            <quickFilterItem>
<filters>
    <outsideNStandardDeviationsFilter>
        <apply>false</apply>
        <standardDeviationCount>0.0</standardDeviationCount>
    </outsideNStandardDeviationsFilter>
    <lastNCompletedFilter>
        <apply>false</apply>
        <completedCount>0</completedCount>
    </lastNCompletedFilter>
    <aheadOfScheduleFilter>
        <apply>false</apply>
    </aheadOfScheduleFilter>
    <behindScheduleFilter>
        <apply>false</apply>
    </behindScheduleFilter>
    <lastNDaysFilter>
        <apply>false</apply>
        <dayCount>0.0</dayCount>
    </lastNDaysFilter>
    <dueTodayFilter>
        <apply>false</apply>
    </dueTodayFilter>
    <simpleColumnFilter>
        <apply>true</apply>
        <columnLocalId>5</columnLocalId>
        <comparison>4</comparison>
        <typedValue>
            <type>
                <name>int</name>
                <namespace>http://www.w3.org/2001/XMLSchema</namespace>
            </type>
            <value>0</value>
        </typedValue>
        <reportPortletFilter>false</reportPortletFilter>
    </simpleColumnFilter>
</filters>
<name>Assigned</name>
                            </quickFilterItem>
                            <quickFilterItem>
<filters>
    <outsideNStandardDeviationsFilter>
        <apply>false</apply>
        <standardDeviationCount>0.0</standardDeviationCount>
    </outsideNStandardDeviationsFilter>
    <lastNCompletedFilter>
        <apply>false</apply>
        <completedCount>0</completedCount>
    </lastNCompletedFilter>
    <aheadOfScheduleFilter>
        <apply>false</apply>
    </aheadOfScheduleFilter>
    <behindScheduleFilter>
        <apply>false</apply>
    </behindScheduleFilter>
    <lastNDaysFilter>
        <apply>false</apply>
        <dayCount>0.0</dayCount>
    </lastNDaysFilter>
    <dueTodayFilter>
        <apply>false</apply>
    </dueTodayFilter>
    <simpleColumnFilter>
        <apply>true</apply>
        <columnLocalId>5</columnLocalId>
        <comparison>4</comparison>
        <typedValue>
            <type>
                <name>int</name>
                <namespace>http://www.w3.org/2001/XMLSchema</namespace>
            </type>
            <value>1</value>
        </typedValue>
        <reportPortletFilter>false</reportPortletFilter>
    </simpleColumnFilter>
</filters>
<name>Accepted</name>
                            </quickFilterItem>
                        </quickFilterItems>
                        <name>Status</name>
                        <selectedItem>0</selectedItem>
                    </quickFilter>
                </quickFilters>
                <recursive>false</recursive>
                <sortColumnLocalId>2</sortColumnLocalId>
                <sortOrder>1</sortOrder>
                <startIndex>0</startIndex>
                <type>2</type>
            </metadata>
            <display>
                <displayThresholds>false</displayThresholds>
                <displayType>0</displayType>
                <name>Open Tasks</name>
                <quickFilterDisplay>1</quickFilterDisplay>
                <showLegend>true</showLegend>
                <showQuickFiltersInToolbar>true</showQuickFiltersInToolbar>
                <supportedTypes>
                    <supportedType>0</supportedType>
                    <supportedType>1</supportedType>
                    <supportedType>2</supportedType>
                    <supportedType>3</supportedType>
                </supportedTypes>
                <thresholdColumnLocalId>6</thresholdColumnLocalId>
                <thresholdColumnName>Performance</thresholdColumnName>
                <thresholds>
                    <threshold>
                        <iconUuid>SYSTEM_DOC_PERFORMANCE_INDICATOR_GREEN</iconUuid>
                        <defaultIconName>indicatorgreen</defaultIconName>
                        <label>Quickly Addressed</label>
                        <upperBound>20.0</upperBound>
                    </threshold>
                    <threshold>
                        <iconUuid>SYSTEM_DOC_PERFORMANCE_INDICATOR_YELLOW</iconUuid>
                        <defaultIconName>indicatoryellow</defaultIconName>
                        <label>Addressed In Time</label>
                        <upperBound>50.0</upperBound>
                    </threshold>
                    <threshold>
                        <iconUuid>SYSTEM_DOC_PERFORMANCE_INDICATOR_RED</iconUuid>
                        <defaultIconName>indicatorred</defaultIconName>
                        <label>Addressed Late</label>
                    </threshold>
                </thresholds>
                <useCustomToolbar>false</useCustomToolbar>
                <useDefaultBarGraphXML>true</useDefaultBarGraphXML>
                <useDefaultLineGraphXML>true</useDefaultLineGraphXML>
                <useDefaultPieGraphXML>true</useDefaultPieGraphXML>
            </display>
            <modified>false</modified>
            <showDisplayOptions>false</showDisplayOptions>
            <showTitle>false</showTitle>
            <showToolbar>false</showToolbar>
            <view>0</view>
            <writeAccess>false</writeAccess>
        </reportData>
    </report>
    <roleMap public="true">
        <role inherit="true" allowForAll="false" name="readers">
            <users/>
            <groups/>
        </role>
        <role inherit="true" allowForAll="false" name="authors">
            <users/>
            <groups/>
        </role>
        <role inherit="true" allowForAll="false" name="administrators">
            <users/>
            <groups/>
        </role>
        <role inherit="false" allowForAll="false" name="denyReaders">
            <users/>
            <groups/>
        </role>
        <role inherit="false" allowForAll="false" name="denyAuthors">
            <users/>
            <groups/>
        </role>
        <role inherit="false" allowForAll="false" name="denyAdministrators">
            <users/>
            <groups/>
        </role>
    </roleMap>
    <history>
        <historyInfo versionUuid="_a-0000df6d-83a9-8000-9ba2-011c48011c48_96864"/>
    </history>
</contentHaul>
