<?xml version="1.0" encoding="UTF-8" standalone="yes"?>
<contentHaul xmlns:a="http://www.appian.com/ae/types/2009">
    <versionUuid>_a-0000df6d-83a9-8000-9ba2-011c48011c48_96429</versionUuid>
    <constant>
        <name>EUL_ACTIVITY_DSE</name>
        <uuid>9f172302-723a-4828-8be3-1e7ab87fd898_CHANGEDSECONSTANT</uuid>
        <description>Data store entity for  End User License activity data references [Activity History] [Data]</description>
        <parentUuid>b0bcc247-7fd2-4fd8-86d5-0deb26c6dca3</parentUuid>
        <visibility>
            <advertise>false</advertise>
            <hierarchy>true</hierarchy>
            <indexable>true</indexable>
            <quota>false</quota>
            <searchable>true</searchable>
            <system>false</system>
            <unlogged>false</unlogged>
        </visibility>
        <typedValue>
            <type>
                <name>DataStoreEntity</name>
                <namespace>http://www.appian.com/ae/types/2009</namespace>
            </type>
            <value a:id="bba81297-1f4a-4809-ad26-141193ef3204@_a-0000df6d-83a9-8000-9ba2-011c48011c48_96393"/>
        </typedValue>
        <isEnvironmentSpecific>false</isEnvironmentSpecific>
    </constant>
    <roleMap public="false">
        <role inherit="true" allowForAll="false" name="readers">
            <users/>
            <groups/>
        </role>
        <role inherit="true" allowForAll="false" name="authors">
            <users/>
            <groups/>
        </role>
        <role inherit="true" allowForAll="false" name="administrators">
            <users/>
            <groups/>
        </role>
        <role inherit="false" allowForAll="false" name="denyReaders">
            <users/>
            <groups/>
        </role>
        <role inherit="false" allowForAll="false" name="denyAuthors">
            <users/>
            <groups/>
        </role>
        <role inherit="false" allowForAll="false" name="denyAdministrators">
            <users/>
            <groups/>
        </role>
    </roleMap>
    <history>
        <historyInfo versionUuid="_a-0000df6d-83a9-8000-9ba2-011c48011c48_96429"/>
    </history>
</contentHaul>
