<?xml version="1.0" encoding="UTF-8" standalone="yes"?>
<contentHaul xmlns:a="http://www.appian.com/ae/types/2009">
    <versionUuid>_a-0000df6d-83a9-8000-9ba2-011c48011c48_96753</versionUuid>
    <rule>
        <name>EUL_OpenTasksGrid</name>
        <uuid>_a-0000df6d-83a9-8000-9ba2-011c48011c48_96329</uuid>
        <description>Component interface that returns a grid showing all open tasks for a given End User License record [Tasking] [Records]</description>
        <parentUuid>b0bcc247-7fd2-4fd8-86d5-0deb26c6dca3</parentUuid>
        <visibility>
            <advertise>false</advertise>
            <hierarchy>true</hierarchy>
            <indexable>true</indexable>
            <quota>false</quota>
            <searchable>true</searchable>
            <system>false</system>
            <unlogged>false</unlogged>
        </visibility>
        <definition>load(
  local!pagingInfo: #"SYSTEM_SYSRULES_pagingInfo"(startIndex: 1, batchSize: 5),
  with(
    /* Retrieve data from the process report to use here */
    local!report: a!queryProcessAnalytics(
      report: #"_a-0000df6d-83a9-8000-9ba2-011c48011c48_96241",
      contextProcessModels: #"_a-0000df6d-83a9-8000-9ba2-011c48011c48_96233",
      query: #"SYSTEM_SYSRULES_query"(
        filter: #"SYSTEM_SYSRULES_queryFilter"(
          field: "c7",
          operator: "=",
          value: ri!recordId
        ),
        pagingInfo: local!pagingInfo
      )
    ),
    {
      #"SYSTEM_SYSRULES_gridField"(
      /* If there is no data, display nothing.                                       *
       * Otherwise, iterate over the column rule to show a grid of task information. */
        label: local!report.name,
        showWhen: local!report.totalCount &gt; 0,
        instructions: local!report.description,
        totalCount: local!report.totalCount,
        columns: {
          #"SYSTEM_SYSRULES_forEach"(
            items: local!report.columnConfigs,
            expression: #"_a-0000df6d-83a9-8000-9ba2-011c48011c48_96365"(
              columnConfig: fv!item,
              data: local!report.data,
              filterByRecord: true
            )
          )
        },
        value: local!pagingInfo,
        saveInto: local!pagingInfo
      )
    }
  )
)</definition>
        <namedTypedValue>
            <name>recordId</name>
            <type>
                <name>int</name>
                <namespace>http://www.w3.org/2001/XMLSchema</namespace>
            </type>
        </namedTypedValue>
        <metadataExpr></metadataExpr>
        <preferredEditor>interface</preferredEditor>
        <offlineEnabled>false</offlineEnabled>
    </rule>
    <roleMap public="true">
        <role inherit="true" allowForAll="false" name="readers">
            <users/>
            <groups/>
        </role>
        <role inherit="true" allowForAll="false" name="authors">
            <users/>
            <groups/>
        </role>
        <role inherit="true" allowForAll="false" name="administrators">
            <users/>
            <groups/>
        </role>
        <role inherit="false" allowForAll="false" name="denyReaders">
            <users/>
            <groups/>
        </role>
        <role inherit="false" allowForAll="false" name="denyAuthors">
            <users/>
            <groups/>
        </role>
        <role inherit="false" allowForAll="false" name="denyAdministrators">
            <users/>
            <groups/>
        </role>
    </roleMap>
    <history>
        <historyInfo versionUuid="_a-0000df6d-83a9-8000-9ba2-011c48011c48_96753"/>
    </history>
</contentHaul>
