<?xml version="1.0" encoding="UTF-8" standalone="yes"?>
<contentHaul xmlns:a="http://www.appian.com/ae/types/2009">
    <versionUuid>_a-0000df6d-83a9-8000-9ba2-011c48011c48_96858</versionUuid>
    <constant>
        <name>EUL_END_USER_LICENSE_RECORD_TYPE</name>
        <uuid>_a-0000df6d-83a9-8000-9ba2-011c48011c48_96229</uuid>
        <description>Record type for End User Licenses. Used for links, record tags in news, and record pickers. [Records]</description>
        <parentUuid>b0bcc247-7fd2-4fd8-86d5-0deb26c6dca3</parentUuid>
        <visibility>
            <advertise>false</advertise>
            <hierarchy>true</hierarchy>
            <indexable>true</indexable>
            <quota>false</quota>
            <searchable>true</searchable>
            <system>false</system>
            <unlogged>false</unlogged>
        </visibility>
        <typedValue>
            <type>
                <name>RecordType</name>
                <namespace>http://www.appian.com/ae/types/2009</namespace>
            </type>
            <value a:id="-1" a:uuid="649564df-b146-4371-83e5-2f7af136b222" name="">
                <a:isSystem>false</a:isSystem>
                <a:security>16383</a:security>
            </value>
        </typedValue>
        <isEnvironmentSpecific>false</isEnvironmentSpecific>
    </constant>
    <roleMap public="true">
        <role inherit="true" allowForAll="false" name="readers">
            <users/>
            <groups/>
        </role>
        <role inherit="true" allowForAll="false" name="authors">
            <users/>
            <groups/>
        </role>
        <role inherit="true" allowForAll="false" name="administrators">
            <users/>
            <groups/>
        </role>
        <role inherit="false" allowForAll="false" name="denyReaders">
            <users/>
            <groups/>
        </role>
        <role inherit="false" allowForAll="false" name="denyAuthors">
            <users/>
            <groups/>
        </role>
        <role inherit="false" allowForAll="false" name="denyAdministrators">
            <users/>
            <groups/>
        </role>
    </roleMap>
    <history>
        <historyInfo versionUuid="_a-0000df6d-83a9-8000-9ba2-011c48011c48_96858"/>
    </history>
</contentHaul>
