<?xml version="1.0" encoding="UTF-8" standalone="yes"?>
<contentHaul xmlns:a="http://www.appian.com/ae/types/2009">
    <versionUuid>_a-0000df6d-83a9-8000-9ba2-011c48011c48_96893</versionUuid>
    <rule>
        <name>EUL_GetMonthRange</name>
        <uuid>_a-0000df6d-83a9-8000-9ba2-011c48011c48_96277</uuid>
        <description>Rule that displays month-year for a certain interval of months. Pass 1 as the startIndex to return the current month. [Reports]</description>
        <parentUuid>e20ade73-fe43-42a0-b6be-ebac00f6fce8</parentUuid>
        <visibility>
            <advertise>false</advertise>
            <hierarchy>true</hierarchy>
            <indexable>true</indexable>
            <quota>false</quota>
            <searchable>true</searchable>
            <system>false</system>
            <unlogged>false</unlogged>
        </visibility>
        <definition>with(
  local!range: ri!startIndex + enumerate(1 + ri!endIndex - ri!startIndex),
  #"SYSTEM_SYSRULES_forEach"(
    items: local!range,
    expression: text(
      eomonth(today(), fv!item),
      "YYYY-M"
    )
  )
)</definition>
        <namedTypedValue>
            <name>startIndex</name>
            <type>
                <name>int</name>
                <namespace>http://www.w3.org/2001/XMLSchema</namespace>
            </type>
        </namedTypedValue>
        <namedTypedValue>
            <name>endIndex</name>
            <type>
                <name>int</name>
                <namespace>http://www.w3.org/2001/XMLSchema</namespace>
            </type>
        </namedTypedValue>
        <preferredEditor>legacy</preferredEditor>
        <offlineEnabled>false</offlineEnabled>
    </rule>
    <roleMap public="true">
        <role inherit="true" allowForAll="false" name="readers">
            <users/>
            <groups/>
        </role>
        <role inherit="true" allowForAll="false" name="authors">
            <users/>
            <groups/>
        </role>
        <role inherit="true" allowForAll="false" name="administrators">
            <users/>
            <groups/>
        </role>
        <role inherit="false" allowForAll="false" name="denyReaders">
            <users/>
            <groups/>
        </role>
        <role inherit="false" allowForAll="false" name="denyAuthors">
            <users/>
            <groups/>
        </role>
        <role inherit="false" allowForAll="false" name="denyAdministrators">
            <users/>
            <groups/>
        </role>
    </roleMap>
    <history>
        <historyInfo versionUuid="_a-0000df6d-83a9-8000-9ba2-011c48011c48_96893"/>
    </history>
</contentHaul>
