<?xml version="1.0" encoding="UTF-8" standalone="yes"?>
<contentHaul xmlns:a="http://www.appian.com/ae/types/2009">
    <versionUuid>_a-0000df6d-83a9-8000-9ba2-011c48011c48_96384</versionUuid>
    <constant>
        <name>EUL_FIELD_DISPLAY_NAMES</name>
        <uuid>_a-0000df6d-83a9-8000-9ba2-011c48011c48_96381</uuid>
        <description>Constant storing all of the field display names from the CDT. Used to check for changes to the CDT. Parallel to the FIELD_NAMES and FIELD_TYPES constants. [Activity History]</description>
        <parentUuid>b0bcc247-7fd2-4fd8-86d5-0deb26c6dca3</parentUuid>
        <visibility>
            <advertise>false</advertise>
            <hierarchy>true</hierarchy>
            <indexable>true</indexable>
            <quota>false</quota>
            <searchable>true</searchable>
            <system>false</system>
            <unlogged>false</unlogged>
        </visibility>
        <typedValue>
            <type>
                <name>Text?list</name>
                <namespace>http://www.appian.com/ae/types/2009</namespace>
            </type>
            <value>
                <el>Title</el>
                <el>Status</el>
                <el>Software</el>
                <el>Version</el>
                <el>Manufacturer</el>
                <el>Vendor</el>
                <el>PO Number</el>
                <el>Purchase Date</el>
                <el>Assignee</el>
                <el>NT-ID</el>
                <el>Email</el>
                <el>License Key</el>
                <el>Expiration Date</el>
                <el>Comments</el>
                <el>Priority</el>
            </value>
        </typedValue>
        <isEnvironmentSpecific>false</isEnvironmentSpecific>
    </constant>
    <roleMap public="false">
        <role inherit="true" allowForAll="false" name="readers">
            <users/>
            <groups/>
        </role>
        <role inherit="true" allowForAll="false" name="authors">
            <users/>
            <groups/>
        </role>
        <role inherit="true" allowForAll="false" name="administrators">
            <users/>
            <groups/>
        </role>
        <role inherit="false" allowForAll="false" name="denyReaders">
            <users/>
            <groups/>
        </role>
        <role inherit="false" allowForAll="false" name="denyAuthors">
            <users/>
            <groups/>
        </role>
        <role inherit="false" allowForAll="false" name="denyAdministrators">
            <users/>
            <groups/>
        </role>
    </roleMap>
    <history>
        <historyInfo versionUuid="_a-0000df6d-83a9-8000-9ba2-011c48011c48_96384"/>
    </history>
</contentHaul>
