<?xml version="1.0" encoding="UTF-8" standalone="yes"?>
<contentHaul xmlns:a="http://www.appian.com/ae/types/2009">
    <versionUuid>_a-0000df6d-83a9-8000-9ba2-011c48011c48_96392</versionUuid>
    <constant>
        <name>EUL_FIELD_TYPES</name>
        <uuid>_a-0000df6d-83a9-8000-9ba2-011c48011c48_96389</uuid>
        <description>Constant storing all of the field types from the CDT. Used to check for changes to the CDT. Parallel to the FIELD_DISPLAY_NAMES and FIELD_NAMES constants. [Activity History]</description>
        <parentUuid>b0bcc247-7fd2-4fd8-86d5-0deb26c6dca3</parentUuid>
        <visibility>
            <advertise>false</advertise>
            <hierarchy>true</hierarchy>
            <indexable>true</indexable>
            <quota>false</quota>
            <searchable>true</searchable>
            <system>false</system>
            <unlogged>false</unlogged>
        </visibility>
        <typedValue>
            <type>
                <name>Text?list</name>
                <namespace>http://www.appian.com/ae/types/2009</namespace>
            </type>
            <value>
                <el>TEXT</el>
                <el>SINGLE_SELECT</el>
                <el>SINGLE_SELECT</el>
                <el>TEXT</el>
                <el>SINGLE_SELECT</el>
                <el>SINGLE_SELECT</el>
                <el>NUMBER</el>
                <el>DATE</el>
                <el>TEXT</el>
                <el>TEXT</el>
                <el>TEXT</el>
                <el>TEXT</el>
                <el>DATE</el>
                <el>PARAGRAPH_REFERENCE</el>
                <el>SINGLE_SELECT</el>
            </value>
        </typedValue>
        <isEnvironmentSpecific>false</isEnvironmentSpecific>
    </constant>
    <roleMap public="false">
        <role inherit="true" allowForAll="false" name="readers">
            <users/>
            <groups/>
        </role>
        <role inherit="true" allowForAll="false" name="authors">
            <users/>
            <groups/>
        </role>
        <role inherit="true" allowForAll="false" name="administrators">
            <users/>
            <groups/>
        </role>
        <role inherit="false" allowForAll="false" name="denyReaders">
            <users/>
            <groups/>
        </role>
        <role inherit="false" allowForAll="false" name="denyAuthors">
            <users/>
            <groups/>
        </role>
        <role inherit="false" allowForAll="false" name="denyAdministrators">
            <users/>
            <groups/>
        </role>
    </roleMap>
    <history>
        <historyInfo versionUuid="_a-0000df6d-83a9-8000-9ba2-011c48011c48_96392"/>
    </history>
</contentHaul>
